{
  "avgAOV": 52.4,
  "avgROAS": 0.060000000000000005,
  "avgCPV": 0.01846153846153846,
  "avgCPE": 0.400625,
  "avgCPM": 15,
  "avgCPA": 1113.6363636363637,
  "totalRate": 23000,
  "campaignCount": 21,
  "avgViews": 755318.0535117057,
  "engagementRate": 11.656385306740347,
  "totalViews": 225840098,
  "totalEngagements": 26324792,
  "postCount": 299
}