{
  "avgViews": 323777.01639344264,
  "engagementRate": 12.71759181764337,
  "totalViews": 39500796,
  "totalEngagements": 5023550,
  "postCount": 122
}