{
  "avgAOV": 84,
  "avgROAS": 0,
  "avgCPV": 0.69,
  "avgCPE": 3.56,
  "avgCPM": 690,
  "avgCPA": 0,
  "totalRate": 7500,
  "campaignCount": 3,
  "avgViews": 66597.73758865248,
  "engagementRate": 17.291388830643086,
  "totalViews": 18780562,
  "totalEngagements": 3247420,
  "postCount": 282
}