{
  "avgViews": 921463.5613207547,
  "engagementRate": 9.987355789491465,
  "totalViews": 195350275,
  "totalEngagements": 19510327,
  "postCount": 212
}