{
  "avgViews": 178439.91704545455,
  "engagementRate": 15.596989811830412,
  "totalViews": 157027127,
  "totalEngagements": 24491505,
  "postCount": 880
}