{
  "avgAOV": 78.25,
  "avgROAS": 0.33416666666666667,
  "avgCPV": 0.026000000000000002,
  "avgCPE": 0.251,
  "avgCPM": 25.3,
  "avgCPA": 319.6091666666666,
  "totalRate": 98000,
  "campaignCount": 30,
  "avgViews": 2510060.6708185053,
  "engagementRate": 10.281555720034179,
  "totalViews": 1410654097,
  "totalEngagements": 145037187,
  "postCount": 562
}