{
  "avgViews": 259164.84432717678,
  "engagementRate": 10.407501766685593,
  "totalViews": 98223476,
  "totalEngagements": 10222610,
  "postCount": 379
}