{
  "avgViews": 105973.5140186916,
  "engagementRate": 15.381969009008245,
  "totalViews": 11339166,
  "totalEngagements": 1744187,
  "postCount": 107
}