{
  "avgAOV": 64,
  "avgROAS": 0.01,
  "avgCPV": 0.215,
  "avgCPE": 1.1,
  "avgCPM": 213.5,
  "avgCPA": 3000,
  "totalRate": 14000,
  "campaignCount": 4,
  "avgViews": 811192.1453674121,
  "engagementRate": 20.527350190348077,
  "totalViews": 507806283,
  "totalEngagements": 104239174,
  "postCount": 626
}