{
  "avgViews": 531513.677581864,
  "engagementRate": 13.146317586487108,
  "totalViews": 211010930,
  "totalEngagements": 27740167,
  "postCount": 397
}