{
  "avgAOV": 60,
  "avgROAS": 0,
  "avgCPV": 0.055,
  "avgCPE": 1.11,
  "avgCPM": 52,
  "avgCPA": 0,
  "totalRate": 19000,
  "campaignCount": 2,
  "avgViews": 1044575.8929824561,
  "engagementRate": 13.29748047717289,
  "totalViews": 595408259,
  "totalEngagements": 79174297,
  "postCount": 570
}