{
  "avgViews": 147474.91462113126,
  "engagementRate": 15.097476375610649,
  "totalViews": 138183995,
  "totalEngagements": 20862296,
  "postCount": 937
}