{
  "avgViews": 10765.298611111111,
  "engagementRate": 9.995787648456364,
  "totalViews": 1550203,
  "totalEngagements": 154955,
  "postCount": 144
}