{
  "avgAOV": 0,
  "avgROAS": 0,
  "avgCPV": 0.42,
  "avgCPE": 22.03,
  "avgCPM": 424,
  "avgCPA": 0,
  "totalRate": 5000,
  "campaignCount": 1,
  "avgViews": 133323.5291262136,
  "engagementRate": 7.751385505397781,
  "totalViews": 82393941,
  "totalEngagements": 6386672,
  "postCount": 618
}