{
  "avgViews": 268772.8822525597,
  "engagementRate": 14.730940378255214,
  "totalViews": 157500909,
  "totalEngagements": 23201365,
  "postCount": 586
}