{
  "avgViews": 1327587.1267605633,
  "engagementRate": 16.098947103930563,
  "totalViews": 848328174,
  "totalEngagements": 136571904,
  "postCount": 639
}