{
  "avgViews": 55190.068100358425,
  "engagementRate": 10.076624092603021,
  "totalViews": 30796058,
  "totalEngagements": 3103203,
  "postCount": 558
}