{
  "avgAOV": 0,
  "avgROAS": 0,
  "avgCPV": 0.8939999999999999,
  "avgCPE": 7.103333333333334,
  "avgCPM": 894,
  "avgCPA": 0,
  "totalRate": 4500,
  "campaignCount": 6,
  "avgViews": 15876.31851851852,
  "engagementRate": 1.5412193236327296,
  "totalViews": 2143303,
  "totalEngagements": 33033,
  "postCount": 135
}