{
  "avgViews": 2180.008849557522,
  "engagementRate": 12.373904465760877,
  "totalViews": 246341,
  "totalEngagements": 30482,
  "postCount": 113
}