{
  "avgViews": 2431114.6514423075,
  "engagementRate": 7.810318528756932,
  "totalViews": 1011343695,
  "totalEngagements": 78989164,
  "postCount": 416
}