{
  "avgViews": 53479.688888888886,
  "engagementRate": 15.191956572505616,
  "totalViews": 33692204,
  "totalEngagements": 5118505,
  "postCount": 630
}