{
  "avgViews": 3378074.118881119,
  "engagementRate": 11.751053817131401,
  "totalViews": 483064599,
  "totalEngagements": 56765181,
  "postCount": 143
}