{
  "avgViews": 1799961.881118881,
  "engagementRate": 13.51327548898481,
  "totalViews": 514789098,
  "totalEngagements": 69564869,
  "postCount": 286
}