{
  "avgAOV": 55.333333333333336,
  "avgROAS": 0.14,
  "avgCPV": 0.055714285714285716,
  "avgCPE": 0.31363636363636366,
  "avgCPM": 36.72727272727273,
  "avgCPA": 100,
  "totalRate": 2000,
  "campaignCount": 23
}