{
  "avgAOV": 0,
  "avgROAS": 0,
  "avgCPV": 0.30333333333333334,
  "avgCPE": 8.123333333333333,
  "avgCPM": 301.6666666666667,
  "avgCPA": 0,
  "totalRate": 5000,
  "campaignCount": 4,
  "avgViews": 129204.44897959183,
  "engagementRate": 8.554543150353808,
  "totalViews": 18993054,
  "totalEngagements": 1624769,
  "postCount": 147
}