{
  "avgAOV": 51.857142857142854,
  "avgROAS": 0,
  "avgCPV": 0.04517241379310346,
  "avgCPE": 1.0446666666666669,
  "avgCPM": 44.96551724137931,
  "avgCPA": 0,
  "totalRate": 11212,
  "campaignCount": 41,
  "avgViews": 25623.53846153846,
  "engagementRate": 6.682257299478245,
  "totalViews": 6995226,
  "totalEngagements": 467439,
  "postCount": 273
}