{
  "avgAOV": 0,
  "avgROAS": 0,
  "avgCPV": 2.385,
  "avgCPE": 23.81,
  "avgCPM": 2386,
  "avgCPA": 0,
  "totalRate": 6500,
  "campaignCount": 3,
  "avgViews": 15943.081896551725,
  "engagementRate": 10.546191394765051,
  "totalViews": 3698795,
  "totalEngagements": 390082,
  "postCount": 232
}